{
  "t3.png": {
    "ratio": 0.5919581570133754,
    "degree": 0,
    "xmin": 1762,
    "ymin": 60,
    "xmax": 3308,
    "ymax": 1653
  },
  "t2.png": {
    "ratio": 0.5919581570133754,
    "degree": -1,
    "xmin": 1762,
    "ymin": 1657,
    "xmax": 2589,
    "ymax": 2601
  },
  "t1.png": {
    "ratio": 0.5919581570133754,
    "degree": -1,
    "xmin": 2592,
    "ymin": 1657,
    "xmax": 3321,
    "ymax": 2599
  }
}