{
  "t4.png": {
    "ratio": 0.5199006383732092,
    "degree": 4,
    "xmin": 80,
    "ymin": 1184,
    "xmax": 2129,
    "ymax": 2308
  },
  "t3.png": {
    "ratio": 0.5199006383732092,
    "degree": 4,
    "xmin": 2131,
    "ymin": 60,
    "xmax": 3583,
    "ymax": 1550
  },
  "t1.png": {
    "ratio": 0.5199006383732092,
    "degree": 1,
    "xmin": 2130,
    "ymin": 1184,
    "xmax": 2770,
    "ymax": 2011
  }
}